{
    "vpf": {
        "k_init": 2.5389413740284085e-06,
        "b_init": 7.802814492752606,
        "k_dec": 2.921949772583134e-07,
        "b_dec": 0.4391477125367598,
        "k_skip": 3.099695344472653e-07,
        "b_skip": 0.101629768054675,
        "k_rel": 1.9896276507364724e-06,
        "b_rel": 2.5865080678580394,
        "k_seek": 0,
        "b_seek": 0
    }
}