{
    "yolov5m": {
        "k": 1.4443004671146276e-05,
        "b": 3.0151538791019017,
        "a": 4.532392819722493
    },
    "yolov5s": {
        "k": 5.875035349040379e-06,
        "b": 0.8777248781302924,
        "a": 3.6987900733947754
    }
}